{
    "camera_data": {
        "width": 500,
        "height": 500,
        "camera_look_at": {
            "at": [
                -0.0,
                1.0,
                -7.549790126404332e-08
            ],
            "eye": [
                -0.0,
                10.0,
                -0.0
            ],
            "up": [
                1.0,
                0.0,
                0.0
            ]
        },
        "intrinsics": {
            "fx": 603.5535070631239,
            "fy": 603.5535070631239,
            "cx": 0.0,
            "cy": 0.0
        }
    },
    "objects": [
        {
            "class": "obj_000001",
            "name": "obj_000001_000",
            "visibility": 4635,
            "projected_cuboid": [
                [
                    7.548604996567519,
                    448.78611435609946
                ],
                [
                    95.57096033022577,
                    453.1819732018125
                ],
                [
                    102.89943655154153,
                    428.1345801645751
                ],
                [
                    25.35506318020137,
                    423.7832366270584
                ],
                [
                    -1.346960960219775,
                    536.2456129720438
                ],
                [
                    86.77527100751905,
                    538.8110300748176
                ],
                [
                    95.11067510875387,
                    503.9209807095137
                ],
                [
                    17.487895624203162,
                    500.9999468774964
                ],
                [
                    54.4870800391561,
                    478.3416872511762
                ]
            ],
            "location": [
                -3.951832994276847,
                -4.664613828238267,
                -12.000000352168554
            ],
            "quaternion_xyzw": [
                0.08924204972770346,
                0.699016504558089,
                0.7093254580719205,
                -0.016406628137633047
            ]
        },
        {
            "class": "obj_000002",
            "name": "obj_000002_001",
            "visibility": 487,
            "projected_cuboid": [
                [
                    227.76183468564605,
                    33.63100406548176
                ],
                [
                    225.1198691910701,
                    53.79210057924729
                ],
                [
                    222.2856313238405,
                    54.15211336086912
                ],
                [
                    224.85368184735026,
                    33.95978950345636
                ],
                [
                    258.6148913121829,
                    73.30776055388623
                ],
                [
                    254.90502870041658,
                    93.64918173145631
                ],
                [
                    251.9467683572352,
                    94.11765874559546
                ],
                [
                    255.5763128607785,
                    73.74573131829487
                ],
                [
                    239.62193357267586,
                    63.29317762176328
                ]
            ],
            "location": [
                -0.21794483372713813,
                3.7693651587139687,
                -11.999999715420842
            ],
            "quaternion_xyzw": [
                0.6022839435509312,
                0.6397212525979084,
                0.13141695789640895,
                -0.4590646506675872
            ]
        },
        {
            "class": "obj_000003",
            "name": "obj_000003_002",
            "visibility": 3902,
            "projected_cuboid": [
                [
                    24.77320628310349,
                    248.19380695423385
                ],
                [
                    115.36111893039794,
                    237.0100722310093
                ],
                [
                    115.42205085519606,
                    276.4129754859307
                ],
                [
                    34.86447592210095,
                    287.8514273310436
                ],
                [
                    28.360157671064826,
                    283.4722466742012
                ],
                [
                    121.46626356466894,
                    270.4750685339581
                ],
                [
                    120.86054321420178,
                    307.248872229693
                ],
                [
                    38.318608314562965,
                    320.199175421379
                ],
                [
                    75.90191915714803,
                    279.61740083703216
                ]
            ],
            "location": [
                -3.4515200323390482,
                -0.5988013204377475,
                -12.000000045208242
            ],
            "quaternion_xyzw": [
                0.016489015996843555,
                0.8512927529865019,
                0.49970315796279613,
                -0.15913992266595245
            ]
        },
        {
            "class": "obj_000004",
            "name": "obj_000004_003",
            "visibility": 3772,
            "projected_cuboid": [
                [
                    180.7525620490298,
                    469.6559264179823
                ],
                [
                    208.3863577389817,
                    421.5947338034814
                ],
                [
                    249.7985755318909,
                    396.21893118727667
                ],
                [
                    222.90987484888376,
                    440.997984669399
                ],
                [
                    216.630001133194,
                    507.33841775771606
                ],
                [
                    247.0621141715061,
                    459.50058256213526
                ],
                [
                    286.0072472567651,
                    429.6101999230109
                ],
                [
                    256.7128397731359,
                    474.2851131914308
                ],
                [
                    233.9155787122527,
                    449.429254620674
                ]
            ],
            "location": [
                -0.30985332306133806,
                -3.97504245682438,
                -12.000000300107363
            ],
            "quaternion_xyzw": [
                -0.5217708041461122,
                0.647648888747441,
                0.5416516669908011,
                -0.12214588200593705
            ]
        },
        {
            "class": "obj_000005",
            "name": "obj_000005_004",
            "visibility": 3929,
            "projected_cuboid": [
                [
                    265.6686439321614,
                    290.9822941460253
                ],
                [
                    316.36845222080166,
                    302.1252286591352
                ],
                [
                    338.317270185539,
                    307.08286525712134
                ],
                [
                    293.48574107897105,
                    297.22579021228483
                ],
                [
                    243.5955848796934,
                    392.37539733453224
                ],
                [
                    294.09023382576345,
                    407.17609243073525
                ],
                [
                    319.223322445648,
                    398.16435438327574
                ],
                [
                    274.5319518285053,
                    385.5448454394397
                ],
                [
                    293.7605155909527,
                    347.2041760950706
                ]
            ],