{
    "camera_data": {
        "width": 500,
        "height": 500,
        "camera_look_at": {
            "at": [
                -0.0,
                1.0,
                -7.549790126404332e-08
            ],
            "eye": [
                -0.0,
                10.0,
                -0.0
            ],
            "up": [
                1.0,
                0.0,
                0.0
            ]
        },
        "intrinsics": {
            "fx": 603.5535070631239,
            "fy": 603.5535070631239,
            "cx": 0.0,
            "cy": 0.0
        }
    },
    "objects": [
        {
            "class": "obj_000001",
            "name": "obj_000001_000",
            "visibility": 7190,
            "projected_cuboid": [
                [
                    253.25305239725668,
                    199.19289686649412
                ],
                [
                    166.5903283365767,
                    199.19289686649412
                ],
                [
                    153.60465167267736,
                    191.313570440504
                ],
                [
                    253.8408719357454,
                    191.313570440504
                ],
                [
                    253.25305243891825,
                    287.93545940748845
                ],
                [
                    166.59032741621985,
                    287.93545940748845
                ],
                [
                    153.60465044144235,
                    293.9553826923118
                ],
                [
                    253.84087199147945,
                    293.9553826923118
                ],
                [
                    207.04732376906227,
                    243.1330867567683
                ]
            ],
            "location": [
                -0.6699972594605984,
                7.828239137977479e-07,
                -10.368816890153424
            ],
            "quaternion_xyzw": [
                -0.707106754494006,
                0.0,
                0.0,
                0.707106807879086
            ]
        },
        {
            "class": "obj_000002",
            "name": "obj_000002_001",
            "visibility": 751,
            "projected_cuboid": [
                [
                    243.33715913375175,
                    151.793033059938
                ],
                [
                    268.4925860662834,
                    151.793033059938
                ],
                [
                    268.38098195711746,
                    152.36717836337726
                ],
                [
                    243.37337317866428,
                    152.36717836337726
                ],
                [
                    243.33715907323165,
                    230.29845460940675
                ],
                [
                    268.4925862527938,
                    230.29845460940675
                ],
                [
                    268.3809821414423,
                    230.4112868728403
                ],
                [
                    243.37337311885335,
                    230.4112868728403
                ],
                [
                    255.8959695762626,
                    191.2179941233605
                ]
            ],
            "location": [
                0.08009552095144801,
                1.1270773464690365,
                -11.018816805061508
            ],
            "quaternion_xyzw": [
                -4.329780117732788e-17,
                0.707106754494006,
                0.707106807879086,
                4.3297804446221256e-17
            ]
        },
        {
            "class": "obj_000003",
            "name": "obj_000003_002",
            "visibility": 3134,
            "projected_cuboid": [
                [
                    340.3689158804141,
                    171.0927778828796
                ],
                [
                    392.3928901215753,
                    147.45063402969498
                ],
                [
                    348.4760410209371,
                    200.96751642001183
                ],
                [
                    298.3818437248941,
                    219.8541428628281
                ],
                [
                    319.08432578204844,
                    144.96914757894754
                ],
                [
                    369.20901236255423,
                    117.74936220691424
                ],
                [
                    323.01377728002115,
                    170.01998774954038
                ],
                [
                    275.228092859648,
                    192.78549605838836
                ],
                [
                    332.5418234477161,
                    170.60895457139384
                ]
            ],
            "location": [
                1.651058047404792,
                1.568531556243256,
                -11.999999881579159
            ],
            "quaternion_xyzw": [
                0.13881643036875052,
                0.7690583858893407,
                -0.3842037871635647,
                0.4915960208160073
            ]
        },
        {
            "class": "obj_000004",
            "name": "obj_000004_003",
            "visibility": 2105,
            "projected_cuboid": [
                [
                    150.01340147199704,
                    189.46249402547392
                ],
                [
                    171.70492510044832,
                    226.80106218285403
                ],
                [
                    128.08427849562221,
                    276.98616472253127
                ],
                [
                    101.2031093109114,
                    243.25731159827268
                ],
                [
                    187.2690173838596,
                    210.35017966246133
                ],
                [
                    206.35101588881966,
                    247.13944096743563
                ],
                [
                    162.32906611313788,
                    299.9380059947403
                ],
                [
                    137.9031753715113,
                    267.2025191886317
                ],
                [
                    156.2368878628708,
                    245.28919455140496
                ]
            ],
            "location": [
                -1.8542801768087438,
                0.08372057305941946,
                -11.999999993679273
            ],
            "quaternion_xyzw": [
                0.3558408057147053,
                0.7747234040372055,
                0.04361878696992548,
                -0.5208439014220912
            ]
        },
        {
            "class": "obj_000005",
            "name": "obj_000005_004",
            "visibility": 3337,
            "projected_cuboid": [
                [
                    194.13764849085806,
                    245.5510323052692
                ],
                [
                    182.9919998168669,
                    212.894995557008
                ],
                [
                    263.5405941678531,
                    208.7014654720159
                ],
                [
                    278.43664111004927,
                    239.53772374963873
                ],
                [
                    207.64125953474314,
                    165.89387071909022
                ],
                [
                    194.44043473291242,
                    134.2595933944321
                ],
                [
                    283.0214143225745,
                    133.65674272889282
                ],
                [
                    300.76288500820067,
                    163.53371641374457
                ],
                [
                    238.58819982656044,
                    189.59297422299431
                ]
            ],