{
    "camera_data": {
        "width": 500,
        "height": 500,
        "camera_look_at": {
            "at": [
                -0.0,
                1.0,
                -7.549790126404332e-08
            ],
            "eye": [
                -0.0,
                10.0,
                -0.0
            ],
            "up": [
                1.0,
                0.0,
                0.0
            ]
        },
        "intrinsics": {
            "fx": 603.5535070631239,
            "fy": 603.5535070631239,
            "cx": 0.0,
            "cy": 0.0
        }
    },
    "objects": [
        {
            "class": "obj_000001",
            "name": "obj_000001_000",
            "visibility": 5262,
            "projected_cuboid": [
                [
                    270.3878180102478,
                    206.28859479423795
                ],
                [
                    207.09084422427566,
                    202.91116251475592
                ],
                [
                    251.8148487706176,
                    197.65074501010017
                ],
                [
                    318.1078149453106,
                    201.79997453291122
                ],
                [
                    270.38781820941296,
                    282.51424003837445
                ],
                [
                    207.0908437882989,
                    285.0946488244906
                ],
                [
                    251.8148487971018,
                    289.11368649875806
                ],
                [
                    318.1078156674383,
                    285.94361306624245
                ],
                [
                    261.9451657281465,
                    243.9381220829414
                ]
            ],
            "location": [
                0.2775200109777223,
                8.981143104015252e-07,
                -11.895884459893745
            ],
            "quaternion_xyzw": [
                -0.6724984865778418,
                0.21850800397596157,
                0.21850802047285858,
                0.67249853735007
            ]
        },
        {
            "class": "obj_000002",
            "name": "obj_000002_001",
            "visibility": 138,
            "projected_cuboid": [
                [
                    238.94774864319538,
                    178.2852462353111
                ],
                [
                    256.9602353870319,
                    179.81002639442374
                ],
                [
                    255.10410911772613,
                    180.10007802874932
                ],
                [
                    237.1277864853046,
                    178.58810148933355
                ],
                [
                    238.9477485506476,
                    248.39876574616906
                ],
                [
                    256.9602354510605,
                    248.42234525001714
                ],
                [
                    255.10410916562404,
                    248.42683066621652
                ],
                [
                    237.12778637725643,
                    248.40344916009337
                ],
                [
                    247.1301893545293,
                    213.80867631433594
                ]
            ],
            "location": [
                -0.07860078531189335,
                0.8000009392385625,
                -12.440591681258745
            ],
            "quaternion_xyzw": [
                0.21850800397596154,
                0.6724984865778418,
                0.67249853735007,
                -0.21850802047285853
            ]
        },
        {
            "class": "obj_000003",
            "name": "obj_000003_002",
            "visibility": 3180,
            "projected_cuboid": [
                [
                    243.8652644518863,
                    264.55902416385436
                ],
                [
                    227.154437264154,
                    289.47573268020324
                ],
                [
                    291.88741382058225,
                    351.142339350024
                ],
                [
                    300.42665486202395,
                    318.7034783287968
                ],
                [
                    220.5231286999032,
                    287.9705550342105
                ],
                [
                    200.8653498038672,
                    315.68060198519856
                ],
                [
                    264.50799775507807,
                    375.9398744967967
                ],
                [
                    276.25080259912556,
                    341.0280583910128
                ],
                [
                    253.63681734429628,
                    317.28284806035515
                ]
            ],
            "location": [
                0.08224922671552193,
                -1.3476750279286511,
                -12.000000101746636
            ],
            "quaternion_xyzw": [
                -0.2132878883759184,
                0.5511373450968085,
                0.329760499976738,
                0.7362159439776305
            ]
        },
        {
            "class": "obj_000004",
            "name": "obj_000004_003",
            "visibility": 2498,
            "projected_cuboid": [
                [
                    462.6161004544954,
                    189.93799463722286
                ],
                [
                    437.26820948128704,
                    217.3288705801751
                ],
                [
                    507.4073603711951,
                    200.40617585029455
                ],
                [
                    529.6904478907222,
                    171.87756532195814
                ],
                [
                    480.2999057340661,
                    231.199652758916
                ],
                [
                    456.6696197103505,
                    261.1659217889032
                ],
                [
                    527.357346646133,
                    248.65803095365965
                ],
                [
                    547.7843613649686,
                    217.02156624839222
                ],
                [
                    492.64588889232874,
                    217.1748859201021
                ]
            ],
            "location": [
                4.834286869337717,
                0.6426962287942074,
                -11.999999951477783
            ],
            "quaternion_xyzw": [
                -0.6272490658300307,
                0.07931238363588076,
                0.44074488929004035,
                0.6371907860147193
            ]
        },
        {
            "class": "obj_000005",
            "name": "obj_000005_004",
            "visibility": 4091,
            "projected_cuboid": [
                [
                    441.3421711892001,
                    393.6807439893229
                ],
                [
                    415.98457325164776,
                    351.7627350769026
                ],
                [
                    445.46353953329947,
                    328.8052136147225
                ],
                [
                    475.46555429565603,
                    376.2609099175136
                ],
                [
                    364.1212763026449,
                    435.2481636770043
                ],
                [
                    339.9227440629687,
                    390.81340177916945
                ],
                [
                    359.1623459194893,
                    372.806454210499
                ],
                [
                    387.69583552361416,
                    423.544983236656
                ],
                [
                    403.2756057052294,
                    384.011551015976
                ]
            ],