{
    "camera_data": {
        "width": 500,
        "height": 500,
        "camera_look_at": {
            "at": [
                -0.0,
                1.0,
                -7.549790126404332e-08
            ],
            "eye": [
                -0.0,
                10.0,
                -0.0
            ],
            "up": [
                1.0,
                0.0,
                0.0
            ]
        },
        "intrinsics": {
            "fx": 603.5535070631239,
            "fy": 603.5535070631239,
            "cx": 0.0,
            "cy": 0.0
        }
    },
    "objects": [
        {
            "class": "obj_000001",
            "name": "obj_000001_000",
            "visibility": 5812,
            "projected_cuboid": [
                [
                    29.859175117085613,
                    348.88685656865
                ],
                [
                    80.66294861619843,
                    297.9187483911836
                ],
                [
                    54.19048406835904,
                    233.17111683231388
                ],
                [
                    7.570381110294107,
                    284.4117518632609
                ],
                [
                    97.2319531243433,
                    349.73611221448425
                ],
                [
                    145.6465402054087,
                    304.4938173082944
                ],
                [
                    118.49486236493485,
                    246.23001188408927
                ],
                [
                    73.74952520205389,
                    291.72456866454786
                ],
                [
                    76.83059017093908,
                    294.485092063927
                ]
            ],
            "location": [
                -3.373057461370843,
                -0.9562387495056005,
                -12.00000007219402
            ],
            "quaternion_xyzw": [
                -0.25513794905770354,
                0.1639896429632247,
                0.9053020675893696,
                -0.29738895468701243
            ]
        },
        {
            "class": "obj_000002",
            "name": "obj_000002_001",
            "visibility": 539,
            "projected_cuboid": [
                [
                    335.22184138098663,
                    401.8823789707075
                ],
                [
                    317.516110138038,
                    401.447838954594
                ],
                [
                    318.7637176390059,
                    398.9352203184223
                ],
                [
                    336.4450106470504,
                    399.30186281771705
                ],
                [
                    298.2996728472851,
                    353.18097514769187
                ],
                [
                    280.7909914339552,
                    354.04321683684896
                ],
                [
                    282.21618157802976,
                    351.573915926577
                ],
                [
                    299.7048781958304,
                    350.646232645848
                ],
                [
                    308.91426902305477,
                    376.9134700857115
                ]
            ],
            "location": [
                1.2415444849795199,
                -2.575028727623565,
                -12.000000194409264
            ],
            "quaternion_xyzw": [
                0.8241799671699575,
                -0.09317223056185568,
                0.37884283118103856,
                0.41051726690918827
            ]
        },
        {
            "class": "obj_000003",
            "name": "obj_000003_002",
            "visibility": 3028,
            "projected_cuboid": [
                [
                    213.13315864082378,
                    379.9565642505259
                ],
                [
                    247.10214021362296,
                    317.7128715317004
                ],
                [
                    283.7958666202108,
                    289.61585314812226
                ],
                [
                    249.09953445658851,
                    356.76571798630005
                ],
                [
                    183.2023092238887,
                    359.1680504739369
                ],
                [
                    219.6932944663875,
                    298.0454998012483
                ],
                [
                    253.6470724808117,
                    267.53829007532653
                ],
                [
                    215.8644476737009,
                    333.25294666867046
                ],
                [
                    233.04458835736713,
                    324.70619914997224
                ]
            ],
            "location": [
                -0.32717056113016785,
                -1.4952678596854012,
                -12.000000112889586
            ],
            "quaternion_xyzw": [
                0.5345968731601486,
                -0.5280407442915208,
                0.6529514537287051,
                -0.09504501380408005
            ]
        },
        {
            "class": "obj_000004",
            "name": "obj_000004_003",
            "visibility": 3190,
            "projected_cuboid": [
                [
                    71.89747717681982,
                    252.11480339673835
                ],
                [
                    37.20505812638851,
                    225.10964454405448
                ],
                [
                    74.21234020256975,
                    270.09347295159597
                ],
                [
                    108.60372970727298,
                    298.0265838425263
                ],
                [
                    113.23451172017573,
                    215.8663472551943
                ],
                [
                    76.53142589050188,
                    192.14738148405866
                ],
                [
                    109.5795770580477,
                    238.59048240912622
                ],
                [
                    145.54542213191235,
                    263.5882556730075
                ],
                [
                    92.46080883748874,
                    244.7345064284596
                ]
            ],
            "location": [
                -3.1222919972777197,
                0.09474901590379971,
                -11.999999992846648
            ],
            "quaternion_xyzw": [
                0.4252059743658622,
                -0.39975400082859025,
                -0.026088439871169513,
                0.8116132154482206
            ]
        },
        {
            "class": "obj_000005",
            "name": "obj_000005_004",
            "visibility": 4662,
            "projected_cuboid": [
                [
                    257.22623103516764,
                    142.69419612931765
                ],
                [
                    251.77512902243168,
                    119.89589931223475
                ],
                [
                    215.9477089558898,
                    42.13588680389685
                ],
                [
                    219.36406416210187,
                    61.6229696083
                ],
                [
                    169.9135969993021,
                    179.8680554402003
                ],
                [
                    169.83354049051425,
                    155.39156790770508
                ],
                [
                    127.45634373568103,
                    82.93545963712265
                ],
                [
                    124.57433924826772,
                    104.73045993375186
                ],
                [
                    192.3269475394097,
                    112.80822601988959
                ]
            ],