{
    "camera_data": {
        "width": 500,
        "height": 500,
        "camera_look_at": {
            "at": [
                -0.0,
                1.0,
                -7.549790126404332e-08
            ],
            "eye": [
                -0.0,
                10.0,
                -0.0
            ],
            "up": [
                1.0,
                0.0,
                0.0
            ]
        },
        "intrinsics": {
            "fx": 603.5535070631239,
            "fy": 603.5535070631239,
            "cx": 0.0,
            "cy": 0.0
        }
    },
    "objects": [
        {
            "class": "obj_000001",
            "name": "obj_000001_000",
            "visibility": 3430,
            "projected_cuboid": [
                [
                    147.662524144315,
                    209.07327256063027
                ],
                [
                    159.28272561874974,
                    204.09000547822157
                ],
                [
                    230.17614382999093,
                    205.7428090024312
                ],
                [
                    211.40729193957253,
                    210.388479122696
                ],
                [
                    147.66252323587122,
                    280.3867045704442
                ],
                [
                    159.28272471476112,
                    284.19399516510174
                ],
                [
                    230.17614364341097,
                    282.9312285477197
                ],
                [
                    211.4072916108205,
                    279.3818670845102
                ],
                [
                    187.28714495621801,
                    244.54127679932773
                ]
            ],
            "location": [
                -1.4087941404067226,
                1.0065350872410373e-06,
                -13.33196115903702
            ],
            "quaternion_xyzw": [
                -0.41562692208797125,
                0.5720613812229646,
                0.5720614244124016,
                0.4156269534669339
            ]
        },
        {
            "class": "obj_000002",
            "name": "obj_000002_001",
            "visibility": 267,
            "projected_cuboid": [
                [
                    154.9354479648465,
                    151.08794507927058
                ],
                [
                    151.76558757774285,
                    154.16010853568037
                ],
                [
                    148.9488531748995,
                    154.02276367140098
                ],
                [
                    152.0325280314489,
                    150.94159941296056
                ],
                [
                    154.93544720993816,
                    214.9064652980477
                ],
                [
                    151.76558682188573,
                    215.98638467202625
                ],
                [
                    148.94885239613808,
                    215.93810554172575
                ],
                [
                    152.03252725220952,
                    214.85502222783683
                ],
                [
                    151.89684195559425,
                    184.00382941129018
                ]
            ],
            "location": [
                -2.2077748437506495,
                1.5521704806150944,
                -13.687526613678926
            ],
            "quaternion_xyzw": [
                -0.5720613812229646,
                -0.41562692208797125,
                -0.4156269534669339,
                0.5720614244124015
            ]
        },
        {
            "class": "obj_000003",
            "name": "obj_000003_002",
            "visibility": 2734,
            "projected_cuboid": [
                [
                    231.74275906949507,
                    327.61738121766257
                ],
                [
                    152.89287905166987,
                    322.1938567089389
                ],
                [
                    120.23761823544945,
                    311.37956895217553
                ],
                [
                    192.92112322352654,
                    316.9598962812251
                ],
                [
                    236.54319956995423,
                    289.52783869909547
                ],
                [
                    158.3160116703312,
                    281.0022981841756
                ],
                [
                    125.12834898911123,
                    274.90024671661104
                ],
                [
                    197.30605745419763,
                    282.934579978222
                ],
                [
                    177.24321400238426,
                    300.6692416152667
                ]
            ],
            "location": [
                -1.4366272246084866,
                -1.0173591799923165,
                -12.000000076808483
            ],
            "quaternion_xyzw": [
                0.6752267971797189,
                0.15099113549236423,
                -0.24404696437411408,
                0.6794935824221757
            ]
        },
        {
            "class": "obj_000004",
            "name": "obj_000004_003",
            "visibility": 2435,
            "projected_cuboid": [
                [
                    40.14647127140094,
                    466.3598143238629
                ],
                [
                    90.54179933627509,
                    415.67898002339416
                ],
                [
                    85.7952190673933,
                    371.77503342743694
                ],
                [
                    40.49874898051061,
                    417.72359055009736
                ],
                [
                    82.43202220015294,
                    488.089293933597
                ],
                [
                    131.0841818613722,
                    439.72253401011557
                ],
                [
                    122.56817677966433,
                    395.13767442827924
                ],
                [
                    78.68448553897454,
                    439.1787573865241
                ],
                [
                    84.16003818703288,
                    428.32686638184794
                ]
            ],
            "location": [
                -3.287329963351721,
                -3.5554795320822277,
                -12.000000268431243
            ],
            "quaternion_xyzw": [
                -0.22448046559377383,
                0.4564748443641692,
                0.8018892489643951,
                -0.31338932563957317
            ]
        },
        {
            "class": "obj_000005",
            "name": "obj_000005_004",
            "visibility": 4410,