{
    "camera_data": {
        "width": 500,
        "height": 500,
        "camera_look_at": {
            "at": [
                -0.0,
                1.0,
                -7.549790126404332e-08
            ],
            "eye": [
                -0.0,
                10.0,
                -0.0
            ],
            "up": [
                1.0,
                0.0,
                0.0
            ]
        },
        "intrinsics": {
            "fx": 603.5535070631239,
            "fy": 603.5535070631239,
            "cx": 0.0,
            "cy": 0.0
        }
    },
    "objects": [
        {
            "class": "obj_000001",
            "name": "obj_000001_000",
            "visibility": 5580,
            "projected_cuboid": [
                [
                    153.80875844635096,
                    283.9712438444348
                ],
                [
                    70.74622265031766,
                    276.5479923353537
                ],
                [
                    60.87758039779487,
                    342.6866687941634
                ],
                [
                    151.78187795542414,
                    348.5443921707753
                ],
                [
                    144.13411962017895,
                    330.215432981347
                ],
                [
                    68.34228721657828,
                    324.8125845437338
                ],
                [
                    59.24386095500819,
                    388.5008863286991
                ],
                [
                    141.5100400325182,
                    392.39760095896884
                ],
                [
                    106.9315607434765,
                    335.78810901726365
                ]
            ],
            "location": [
                -2.781925427723362,
                -1.76124687078524,
                -12.000000132970442
            ],
            "quaternion_xyzw": [
                -0.35671397500289415,
                0.12852113330000348,
                -0.006139436576451903,
                0.9253106319779535
            ]
        },
        {
            "class": "obj_000002",
            "name": "obj_000002_001",
            "visibility": 238,
            "projected_cuboid": [
                [
                    391.1864349367,
                    32.46961147417261
                ],
                [
                    374.6433760076795,
                    30.989393517475435
                ],
                [
                    375.2924030844746,
                    27.64882146946593
                ],
                [
                    391.8586790159822,
                    29.192986925858975
                ],
                [
                    441.9601175090612,
                    42.7834694189045
                ],
                [
                    424.8507193556388,
                    41.369735559178736
                ],
                [
                    425.68132655541956,
                    37.730479116895026
                ],
                [
                    442.81382057302096,
                    39.22006810264895
                ],
                [
                    407.461686479206,
                    34.95176960223907
                ]
            ],
            "location": [
                3.123268056986033,
                4.272226189605687,
                -11.99999967745589
            ],
            "quaternion_xyzw": [
                0.9387401483124758,
                -0.0015517607157848464,
                -0.26613287240924516,
                -0.21894707170490962
            ]
        },
        {
            "class": "obj_000003",
            "name": "obj_000003_002",
            "visibility": 4720,
            "projected_cuboid": [
                [
                    248.74302252165882,
                    492.61386836092123
                ],
                [
                    212.26832188591763,
                    413.5524032989508
                ],
                [
                    279.83876449472257,
                    384.95131508468853
                ],
                [
                    317.6064806944121,
                    457.63151977078934
                ],
                [
                    259.9724528418734,
                    483.7882053190999
                ],
                [
                    221.01337399171717,
                    401.1874055639262
                ],
                [
                    291.2792744155593,
                    371.97787624211
                ],
                [
                    331.584072021353,
                    447.6122131043752
                ],
                [
                    270.73522409940716,
                    430.24233618888877
                ]
            ],
            "location": [
                0.42220397029819523,
                -3.5935633817098673,
                -12.000000271306494
            ],
            "quaternion_xyzw": [
                0.7888957214750697,
                -0.5255885314975222,
                0.03601609811316643,
                0.31639070288696663
            ]
        },
        {
            "class": "obj_000004",
            "name": "obj_000004_003",
            "visibility": 3285,
            "projected_cuboid": [
                [
                    424.69661362037834,
                    377.0182479356341
                ],
                [
                    501.78850735163707,
                    373.1192108837461
                ],
                [
                    494.26006574825385,
                    349.0448360883057
                ],
                [
                    425.5411469879296,
                    353.31665675601937
                ],
                [
                    431.2414214521874,
                    427.1644739105294
                ],
                [
                    507.8116558494572,
                    425.1794614378816
                ],
                [
                    499.6994021974916,
                    395.6954149083715
                ],
                [
                    431.3946044629033,
                    398.4246777569649
                ],
                [
                    463.83238314430275,
                    386.763823275042
                ]
            ],
            "location": [
                4.261409206275646,
                -2.729112809528053,
                -12.000000206042289
            ],
            "quaternion_xyzw": [
                -0.1557255478415419,
                0.64845900257553,
                0.7429469918447066,
                0.05727340601971724
            ]
        },
        {
            "class": "obj_000005",
            "name": "obj_000005_004",
            "visibility": 4276,
            "projected_cuboid": [
                [
                    313.2615164779842,
                    187.1808122526633
                ],
                [
                    289.26032419886025,
                    198.95138524322587
                ],
                [
                    343.40786359402153,
                    136.40874503400957
                ],
                [
                    366.23417207462603,
                    127.51484105823808
                ],
                [
                    373.8614945922775,
                    253.7038568389486
                ],
                [
                    353.0605077184887,
                    270.0340467878961
                ],
                [
                    415.5406244662655,
                    213.04758619442407
                ],
                [
                    434.2721869636667,
                    198.86367904286308
                ],
                [
                    359.63491950517664,
                    198.9088212495849
                ]
            ],