{
    "camera_data": {
        "width": 500,
        "height": 500,
        "camera_look_at": {
            "at": [
                -0.0,
                1.0,
                -7.549790126404332e-08
            ],
            "eye": [
                -0.0,
                10.0,
                -0.0
            ],
            "up": [
                1.0,
                0.0,
                0.0
            ]
        },
        "intrinsics": {
            "fx": 603.5535070631239,
            "fy": 603.5535070631239,
            "cx": 0.0,
            "cy": 0.0
        }
    },
    "objects": [
        {
            "class": "obj_000001",
            "name": "obj_000001_000",
            "visibility": 8581,
            "projected_cuboid": [
                [
                    213.30010363000795,
                    188.8261747677244
                ],
                [
                    303.33991628595817,
                    181.95024821419628
                ],
                [
                    352.66890208228125,
                    190.6127036852797
                ],
                [
                    268.70226342085436,
                    195.90730644440654
                ],
                [
                    213.30010314535554,
                    295.8557902086187
                ],
                [
                    303.33991708846696,
                    301.10910100026103
                ],
                [
                    352.6689034228594,
                    294.4908553811199
                ],
                [
                    268.7022636479348,
                    290.4456996484597
                ],
                [
                    284.02575472926395,
                    242.44795556764768
                ]
            ],
            "location": [
                0.47425127884754703,
                7.063878046343393e-07,
                -9.35638995001791
            ],
            "quaternion_xyzw": [
                -0.21850800397596162,
                0.6724984865778418,
                0.67249853735007,
                0.2185080204728586
            ]
        },
        {
            "class": "obj_000002",
            "name": "obj_000002_001",
            "visibility": 1172,
            "projected_cuboid": [
                [
                    248.04867938768228,
                    151.65496302861607
                ],
                [
                    223.8474290724867,
                    154.51045799713305
                ],
                [
                    221.18811559917583,
                    153.96623350528344
                ],
                [
                    245.45180006305483,
                    151.07742659499573
                ],
                [
                    248.04867937019378,
                    247.9869497451725
                ],
                [
                    223.84742877239256,
                    248.03110768795952
                ],
                [
                    221.1881152660744,
                    248.0226916920525
                ],
                [
                    245.4518000139858,
                    247.97801860675858
                ],
                [
                    234.45787795907444,
                    200.4147220198683
                ]
            ],
            "location": [
                -0.196169354426183,
                0.8000006825036553,
                -9.040034805970379
            ],
            "quaternion_xyzw": [
                -0.6724984865778417,
                -0.21850800397596165,
                -0.21850802047285867,
                0.6724985373500699
            ]
        },
        {
            "class": "obj_000003",
            "name": "obj_000003_002",
            "visibility": 3949,
            "projected_cuboid": [
                [
                    361.1202112390506,
                    22.591705617993625
                ],
                [
                    443.7212711681303,
                    -15.434521563289252
                ],
                [
                    472.02684945725,
                    23.535185490296954
                ],
                [
                    395.52589646495136,
                    54.999495516197385
                ],
                [
                    365.812325474093,
                    56.51288837721711
                ],
                [
                    450.1140469329182,
                    20.893543695352008
                ],
                [
                    478.1240706992097,
                    56.490810573889036
                ],
                [
                    400.192432606785,
                    85.95066254423926
                ],
                [
                    420.063057710204,
                    39.669005627279915
                ]
            ],
            "location": [
                3.3911770059863375,
                4.171912176394637,
                -11.999999685029387
            ],
            "quaternion_xyzw": [
                -0.27278995185782096,
                0.7337122358458581,
                0.5992739379236885,
                0.16769837345935246
            ]
        },
        {
            "class": "obj_000004",
            "name": "obj_000004_003",
            "visibility": 3141,
            "projected_cuboid": [
                [
                    404.8902734634437,
                    73.68778506972694
                ],
                [
                    419.9171687106105,
                    131.52019629955166
                ],
                [
                    404.1564826857367,
                    108.4125772544738
                ],
                [
                    387.94913615826385,
                    45.01334123744883
                ],
                [
                    452.12570478279395,
                    55.473998878141686
                ],
                [
                    468.89606811247734,
                    114.79521282167721
                ],
                [
                    458.13835181354506,
                    88.90095219960605
                ],
                [
                    439.8090168844452,
                    23.721540559163117
                ],
                [
                    429.3018693673777,
                    80.66226391385527
                ]
            ],
            "location": [
                3.574865231985605,
                3.356873830120471,
                -11.999999746563072
            ],
            "quaternion_xyzw": [
                0.586828149473795,
                0.6023451870879386,
                -0.47171015786597786,
                -0.2651462342617923
            ]
        },
        {
            "class": "obj_000005",
            "name": "obj_000005_004",
            "visibility": 3975,
            "projected_cuboid": [
                [
                    376.4106271110155,
                    156.46049453038682
                ],
                [
                    328.9689315823641,
                    180.8277196019423
                ],
                [
                    332.95742818408536,
                    151.83332174445337
                ],
                [
                    374.65212236121454,
                    129.64561272854803
                ],
                [
                    326.04300350711696,
                    64.857836661519
                ],
                [
                    277.72395163286365,
                    93.59611684376966
                ],
                [
                    288.34542534042794,
                    74.20575124998257
                ],
                [
                    330.7240897955753,
                    48.607686104972146
                ],
                [
                    329.8694433974554,
                    112.99005134685379
                ]
            ],