{
    "camera_data": {
        "width": 500,
        "height": 500,
        "camera_look_at": {
            "at": [
                -0.0,
                1.0,
                -7.549790126404332e-08
            ],
            "eye": [
                -0.0,
                10.0,
                -0.0
            ],
            "up": [
                1.0,
                0.0,
                0.0
            ]
        },
        "intrinsics": {
            "fx": 603.5535070631239,
            "fy": 603.5535070631239,
            "cx": 0.0,
            "cy": 0.0
        }
    },
    "objects": [
        {
            "class": "obj_000001",
            "name": "obj_000001_000",
            "visibility": 2678,
            "projected_cuboid": [
                [
                    270.27399180425806,
                    216.2926555261692
                ],
                [
                    225.33980217190498,
                    218.04504235718886
                ],
                [
                    191.31697206025683,
                    215.73195984530025
                ],
                [
                    237.71069417540897,
                    213.70406115034905
                ],
                [
                    270.27399195647956,
                    274.87098800631594
                ],
                [
                    225.33980200421328,
                    273.53213826006777
                ],
                [
                    191.31697162672188,
                    275.2993678920517
                ],
                [
                    237.7106940822888,
                    276.8487128243628
                ],
                [
                    231.12598319958536,
                    245.54901963393868
                ]
            ],
            "location": [
                -0.4474704571147132,
                1.2575555937026407e-06,
                -16.656828503146286
            ],
            "quaternion_xyzw": [
                -0.6724984865778418,
                -0.21850800397596165,
                -0.21850802047285867,
                0.67249853735007
            ]
        },
        {
            "class": "obj_000002",
            "name": "obj_000002_001",
            "visibility": 371,
            "projected_cuboid": [
                [
                    282.73119563834337,
                    186.64546586142444
                ],
                [
                    297.11295032785074,
                    185.59915821997282
                ],
                [
                    298.37900238374897,
                    185.8061235325606
                ],
                [
                    284.0224035694411,
                    186.84571961793705
                ],
                [
                    282.73119585645696,
                    239.1162566421515
                ],
                [
                    297.1129506455614,
                    238.94340308362484
                ],
                [
                    298.3790027088513,
                    238.97759445273869
                ],
                [
                    284.02240379530764,
                    239.1493392395117
                ],
                [
                    290.50320652677567,
                    212.6379817068623
                ]
            ],
            "location": [
                1.0796754470141705,
                1.0603529794624025,
                -16.350736162647987
            ],
            "quaternion_xyzw": [
                -0.2185080039759617,
                0.6724984865778417,
                0.6724985373500699,
                0.2185080204728587
            ]
        },
        {
            "class": "obj_000003",
            "name": "obj_000003_002",
            "visibility": 4451,
            "projected_cuboid": [
                [
                    163.72960477595478,
                    391.5294357473059
                ],
                [
                    138.13967504383487,
                    457.7323040822254
                ],
                [
                    58.87534371341826,
                    453.78592085066737
                ],
                [
                    91.9339147325827,
                    389.91438929965534
                ],
                [
                    155.3092386218626,
                    365.7393728334513
                ],
                [
                    127.74505913935582,
                    431.16046366541764
                ],
                [
                    46.03965018723579,
                    427.9662951145959
                ],
                [
                    81.50894938138808,
                    364.84602871557445
                ],
                [
                    108.24947788736674,
                    408.70610661896205
                ]
            ],
            "location": [
                -2.8083777133586474,
                -3.1653748232143872,
                -12.000000238979156
            ],
            "quaternion_xyzw": [
                0.647095975651582,
                0.5904254490006771,
                -0.2546311107352324,
                0.4096676517783848
            ]
        },
        {
            "class": "obj_000004",
            "name": "obj_000004_003",
            "visibility": 3437,
            "projected_cuboid": [
                [
                    354.0358241936595,
                    452.4117109669405
                ],
                [
                    282.17730227495053,
                    464.40977442967426
                ],
                [
                    288.0241365039859,
                    439.76696828254444
                ],
                [
                    351.89785147720954,
                    428.74351731551496
                ],
                [
                    342.38734397410377,
                    399.2028631357989
                ],
                [
                    270.83497347176484,
                    412.0740507377616
                ],
                [
                    277.9273572848354,
                    393.24935668391083
                ],
                [
                    341.5592491517044,
                    381.5374152251909
                ],
                [
                    313.40561523549104,
                    420.8281151614209
                ]
            ],
            "location": [
                1.2705871617417692,
                -3.406387724379852,
                -12.000000257175124
            ],
            "quaternion_xyzw": [
                0.7004145365997166,
                0.025784600205435992,
                0.1256042413153551,
                0.7021240672955467
            ]
        },
        {
            "class": "obj_000005",
            "name": "obj_000005_004",
            "visibility": 4407,