{
    "camera_data": {
        "width": 500,
        "height": 500,
        "camera_look_at": {
            "at": [
                -0.0,
                1.0,
                -7.549790126404332e-08
            ],
            "eye": [
                -0.0,
                10.0,
                -0.0
            ],
            "up": [
                1.0,
                0.0,
                0.0
            ]
        },
        "intrinsics": {
            "fx": 603.5535070631239,
            "fy": 603.5535070631239,
            "cx": 0.0,
            "cy": 0.0
        }
    },
    "objects": [
        {
            "class": "obj_000001",
            "name": "obj_000001_000",
            "visibility": 4331,
            "projected_cuboid": [
                [
                    271.4872719396277,
                    202.278507547074
                ],
                [
                    291.27062387432295,
                    207.64380258261133
                ],
                [
                    227.3686422056603,
                    209.05204292693668
                ],
                [
                    200.45136924814923,
                    204.06321772847684
                ],
                [
                    271.4872721687318,
                    285.57800668440933
                ],
                [
                    291.27062426011435,
                    281.4788410159502
                ],
                [
                    227.3686420081333,
                    280.40292432813817
                ],
                [
                    200.45136875638576,
                    284.21446140664193
                ],
                [
                    247.72360743229515,
                    244.35874516889902
                ]
            ],
            "location": [
                -0.033883210656377116,
                9.626392601289659e-07,
                -12.750543313280591
            ],
            "quaternion_xyzw": [
                0.4156269220879712,
                0.5720613812229647,
                0.5720614244124016,
                -0.4156269534669339
            ]
        },
        {
            "class": "obj_000002",
            "name": "obj_000002_001",
            "visibility": 370,
            "projected_cuboid": [
                [
                    278.862254454178,
                    180.889279984583
                ],
                [
                    272.97425272872044,
                    178.4665230889296
                ],
                [
                    276.03998418371464,
                    178.35075076978072
                ],
                [
                    281.8325234703931,
                    180.78127633781767
                ],
                [
                    278.8622547022812,
                    248.43903504232716
                ],
                [
                    272.97425293407565,
                    248.40156904751228
                ],
                [
                    276.03998441626754,
                    248.39977872132724
                ],
                [
                    281.8325237440243,
                    248.43736485243903
                ],
                [
                    277.4767498484717,
                    214.03141637129386
                ]
            ],
            "location": [
                0.5926229827788236,
                0.8000009494077661,
                -12.57528686498126
            ],
            "quaternion_xyzw": [
                -0.5720613812229647,
                0.41562692208797114,
                0.41562695346693385,
                0.5720614244124016
            ]
        },
        {
            "class": "obj_000003",
            "name": "obj_000003_002",
            "visibility": 4287,
            "projected_cuboid": [
                [
                    199.76808419416062,
                    301.0523011937249
                ],
                [
                    259.12258150089923,
                    339.58939774532456
                ],
                [
                    229.1877962349831,
                    413.1567681829789
                ],
                [
                    173.39391916886717,
                    370.3995825083625
                ],
                [
                    175.6791328129749,
                    301.6606168859111
                ],
                [
                    236.31689588511182,
                    342.3607206281455
                ],
                [
                    205.4210180574201,
                    419.7728559499651
                ],
                [
                    148.623617572757,
                    374.41664985223593
                ],
                [
                    202.45350655611827,
                    357.45045366118404
                ]
            ],
            "location": [
                -0.9353900133406698,
                -2.1462972451359534,
                -12.000000162040937
            ],
            "quaternion_xyzw": [
                0.20390119411333765,
                0.9308554998462221,
                0.03718725081871768,
                0.30091435629052227
            ]
        },
        {
            "class": "obj_000004",
            "name": "obj_000004_003",
            "visibility": 2366,
            "projected_cuboid": [
                [
                    445.963318535485,
                    154.85767722334867
                ],
                [
                    482.5017038847076,
                    170.45506880282215
                ],
                [
                    471.9499593188409,
                    236.72050630573264
                ],
                [
                    434.5543613345857,
                    225.7782760346879
                ],
                [
                    493.1045969661484,
                    152.74514790881506
                ],
                [
                    528.7138146667337,
                    169.5109888426173
                ],
                [
                    517.6067730681425,
                    240.11889069825122
                ],
                [
                    481.0406461621718,
                    228.66276707816274
                ],
                [
                    481.82204547487964,
                    197.5323149145698
                ]
            ],
            "location": [
                4.6190845964054805,
                1.0332346287301628,
                -11.999999921992954
            ],
            "quaternion_xyzw": [
                0.0827682228101122,
                0.9407702815793616,
                0.015697187665100067,
                -0.3284117794619274
            ]
        },
        {
            "class": "obj_000005",
            "name": "obj_000005_004",
            "visibility": 4403,
            "projected_cuboid": [
                [
                    14.529171313584271,
                    71.4294367197221
                ],
                [
                    35.29673228273026,
                    37.2042130983844
                ],
                [
                    83.27129752106123,
                    -2.692865779079881
                ],
                [
                    61.99699369420091,
                    30.29487046931459
                ],
                [
                    96.9540928319663,
                    139.99487255885614
                ],
                [
                    121.4987608660598,
                    111.61384461322868
                ],
                [
                    158.71931094944796,
                    66.28018258092106
                ],
                [
                    134.58716467375385,
                    94.30022361217269
                ],
                [
                    90.12026649186578,
                    68.72996280702316
                ]
            ],