{
    "camera_data": {
        "width": 500,
        "height": 500,
        "camera_look_at": {
            "at": [
                -0.0,
                1.0,
                -7.549790126404332e-08
            ],
            "eye": [
                -0.0,
                10.0,
                -0.0
            ],
            "up": [
                1.0,
                0.0,
                0.0
            ]
        },
        "intrinsics": {
            "fx": 603.5535070631239,
            "fy": 603.5535070631239,
            "cx": 0.0,
            "cy": 0.0
        }
    },
    "objects": [
        {
            "class": "obj_000001",
            "name": "obj_000001_000",
            "visibility": 2933,
            "projected_cuboid": [
                [
                    190.26643920508883,
                    212.22505471126695
                ],
                [
                    242.64423881375575,
                    214.41885634941826
                ],
                [
                    212.00834714498268,
                    216.90869718460416
                ],
                [
                    161.7910322477258,
                    215.02361573824032
                ],
                [
                    190.26643871788943,
                    277.97869586480044
                ],
                [
                    242.64423876068545,
                    276.30259860159794
                ],
                [
                    212.00834687535882,
                    274.40032296610855
                ],
                [
                    161.79103158047727,
                    275.8405533837227
                ],
                [
                    201.86615138816273,
                    245.39671610285455
                ]
            ],
            "location": [
                -1.3002881611992163,
                1.208052816426265e-06,
                -16.00114435236113
            ],
            "quaternion_xyzw": [
                0.21850800397596154,
                0.6724984865778418,
                0.67249853735007,
                -0.21850802047285853
            ]
        },
        {
            "class": "obj_000002",
            "name": "obj_000002_001",
            "visibility": 425,
            "projected_cuboid": [
                [
                    195.7780057424077,
                    153.1343018825878
                ],
                [
                    179.83448256112837,
                    151.39715145338658
                ],
                [
                    181.1369426666489,
                    151.0507301810366
                ],
                [
                    197.11262206896527,
                    152.80006135129162
                ],
                [
                    195.77800536108566,
                    209.87839661050202
                ],
                [
                    179.8344820577242,
                    209.1641514611756
                ],
                [
                    181.13694217091196,
                    209.0217172141017
                ],
                [
                    197.11262169582665,
                    209.7409705855885
                ],
                [
                    188.53576799672103,
                    180.779147958576
                ]
            ],
            "location": [
                -1.4893786458155498,
                1.7753681716295444,
                -15.060317754234879
            ],
            "quaternion_xyzw": [
                -0.6724984865778417,
                0.21850800397596146,
                0.21850802047285847,
                0.67249853735007
            ]
        },
        {
            "class": "obj_000003",
            "name": "obj_000003_002",
            "visibility": 4440,
            "projected_cuboid": [
                [
                    165.90932062376632,
                    490.37246166072316
                ],
                [
                    103.53028829247776,
                    476.39424067646934
                ],
                [
                    145.84061384226635,
                    409.4652663710617
                ],
                [
                    205.8850312341951,
                    417.1507165372242
                ],
                [
                    146.74642905995802,
                    466.83135591761936
                ],
                [
                    83.87189188192406,
                    454.26217995956415
                ],
                [
                    129.09719870384936,
                    387.2384736575498
                ],
                [
                    189.74473296225426,
                    393.43643979619145
                ],
                [
                    146.2483847024418,
                    435.28977142555254
                ]
            ],
            "location": [
                -2.0528741563510575,
                -3.693917736093152,
                -12.000000278883036
            ],
            "quaternion_xyzw": [
                0.8622829944143916,
                -0.10054524101663118,
                0.2745640297816051,
                0.4134891601998072
            ]
        },
        {
            "class": "obj_000004",
            "name": "obj_000004_003",
            "visibility": 3866,
            "projected_cuboid": [
                [
                    228.6018668183541,
                    46.82019179140363
                ],
                [
                    290.4515063856504,
                    61.58928279983721
                ],
                [
                    290.8594380061396,
                    112.74103605435698
                ],
                [
                    225.43840694971635,
                    98.44976874019446
                ],
                [
                    241.2150544244389,
                    8.56425929002998
                ],
                [
                    307.09295730710835,
                    25.35734244506503
                ],
                [
                    308.54076931421184,
                    78.12972004899399
                ],
                [
                    238.59537794510197,
                    61.77038432905101
                ],
                [
                    266.52341315652086,
                    61.67285155927854
                ]
            ],
            "location": [
                0.3384637127745478,
                3.7344262434154984,
                -11.999999718058657
            ],
            "quaternion_xyzw": [
                0.047436707368378524,
                0.9594710346736712,
                -0.2451541907858436,
                -0.13063121815407824
            ]
        },
        {
            "class": "obj_000005",
            "name": "obj_000005_004",
            "visibility": 4512,
            "projected_cuboid": [
                [
                    405.1236936686685,
                    283.21326831091756
                ],
                [
                    405.7329667310951,
                    285.379847353558
                ],
                [
                    504.82316768690237,
                    274.07901380343554
                ],
                [
                    496.3192131750318,
                    272.7352360927632
                ],
                [
                    417.6072911371055,
                    374.987342796771
                ],
                [
                    419.26675502651017,
                    384.8579672518894
                ],
                [
                    519.6053728562676,
                    377.2492138628229
                ],
                [
                    509.8608264642858,
                    367.6426081419901
                ],
                [
                    458.8122685536299,
                    327.31338415383607
                ]
            ],