{
    "camera_data": {
        "width": 500,
        "height": 500,
        "camera_look_at": {
            "at": [
                -0.0,
                1.0,
                -7.549790126404332e-08
            ],
            "eye": [
                -0.0,
                10.0,
                -0.0
            ],
            "up": [
                1.0,
                0.0,
                0.0
            ]
        },
        "intrinsics": {
            "fx": 603.5535070631239,
            "fy": 603.5535070631239,
            "cx": 0.0,
            "cy": 0.0
        }
    },
    "objects": [
        {
            "class": "obj_000001",
            "name": "obj_000001_000",
            "visibility": 6180,
            "projected_cuboid": [
                [
                    430.75411217023105,
                    279.6633583113621
                ],
                [
                    394.2316175801901,
                    306.8972435773832
                ],
                [
                    469.88057344520587,
                    311.37179963989206
                ],
                [
                    502.48879519446143,
                    281.3304277731484
                ],
                [
                    442.03391734497563,
                    350.3308106266776
                ],
                [
                    407.57412209219876,
                    383.3020477960113
                ],
                [
                    482.15214920460306,
                    394.8032684187422
                ],
                [
                    512.7290278568007,
                    357.97163283361823
                ],
                [
                    454.50881768229715,
                    332.87773732437887
                ]
            ],
            "location": [
                4.09383849969973,
                -1.7342550874693798,
                -12.00000013093262
            ],
            "quaternion_xyzw": [
                -0.6039990068705704,
                0.17759331302654618,
                0.3762056948409369,
                0.6797904751001334
            ]
        },
        {
            "class": "obj_000002",
            "name": "obj_000002_001",
            "visibility": 664,
            "projected_cuboid": [
                [
                    145.39289429899628,
                    248.05060733019977
                ],
                [
                    167.20108222844152,
                    246.28151467397902
                ],
                [
                    168.1108575056212,
                    247.56262314119735
                ],
                [
                    146.40180731714247,
                    249.31652804881656
                ],
                [
                    141.30419411343684,
                    315.52499340890427
                ],
                [
                    164.1704712738554,
                    314.0454769230671
                ],
                [
                    165.14034989488738,
                    315.04908505337414
                ],
                [
                    142.38303215827494,
                    316.5156459064102
                ],
                [
                    155.02649198767244,
                    280.73513555242516
                ]
            ],
            "location": [
                -1.910634321120599,
                -0.5645971376685756,
                -12.0000000426259
            ],
            "quaternion_xyzw": [
                -0.07156530678761161,
                0.8345029028433302,
                0.5449940360929891,
                0.03827287072486338
            ]
        },
        {
            "class": "obj_000003",
            "name": "obj_000003_002",
            "visibility": 4476,
            "projected_cuboid": [
                [
                    297.77556174835195,
                    -2.4950023784761584
                ],
                [
                    364.1625301904266,
                    14.84297751849354
                ],
                [
                    323.6756327276064,
                    89.4471174050517
                ],
                [
                    260.30817634848296,
                    67.11964562223534
                ],
                [
                    282.8094418174687,
                    -24.10166199575076
                ],
                [
                    351.7987564678166,
                    -7.450909370178181
                ],
                [
                    309.0881754472997,
                    71.46084310698686
                ],
                [
                    243.44637609286474,
                    49.24905898943075
                ],
                [
                    303.0902448588737,
                    32.249578456493396
                ]
            ],
            "location": [
                1.0654945444679473,
                4.31942718737861,
                -11.999999673892313
            ],
            "quaternion_xyzw": [
                0.24128623009866695,
                0.9318415163245664,
                -0.051823375581643585,
                0.2660200769904944
            ]
        },
        {
            "class": "obj_000004",
            "name": "obj_000004_003",
            "visibility": 4037,
            "projected_cuboid": [
                [
                    44.3238276336148,
                    209.7125450848875
                ],
                [
                    82.30250306879827,
                    164.11226413976505
                ],
                [
                    141.89428085518813,
                    189.07147030014013
                ],
                [
                    104.17686734947173,
                    230.11934096929477
                ],
                [
                    50.230686124550544,
                    247.15642118918444
                ],
                [
                    90.56690013813315,
                    201.0672919910263
                ],
                [
                    152.4157506995105,
                    224.18542621414673
                ],
                [
                    112.43644063841592,
                    265.5534216103454
                ],
                [
                    97.98269279436613,
                    216.89715589936623
                ]
            ],
            "location": [
                -3.01250465882024,
                0.6482181008689788,
                -11.999999951060893
            ],
            "quaternion_xyzw": [
                -0.40293431321025003,
                0.7940675477902072,
                0.45378338534373175,
                0.03437016104430577
            ]
        },
        {
            "class": "obj_000005",
            "name": "obj_000005_004",
            "visibility": 4007,
            "projected_cuboid": [
                [
                    185.6468801398292,
                    327.88884556131126
                ],
                [
                    183.00552178853889,
                    282.18565588230786
                ],
                [
                    234.45548848799817,
                    312.54276251052937
                ],
                [
                    239.03337552964138,
                    354.79144119470914
                ],
                [
                    272.081671939377,
                    292.31566486274255
                ],
                [
                    265.01808037497744,
                    245.13670192205944
                ],
                [
                    311.0032746472136,
                    281.33722819107885
                ],
                [
                    319.38968711200334,
                    324.9381369334341
                ],
                [
                    251.17484812411408,
                    303.5547623973906
                ]
            ],