{
    "camera_data": {
        "width": 500,
        "height": 500,
        "camera_look_at": {
            "at": [
                -0.0,
                1.0,
                -7.549790126404332e-08
            ],
            "eye": [
                -0.0,
                10.0,
                -0.0
            ],
            "up": [
                1.0,
                0.0,
                0.0
            ]
        },
        "intrinsics": {
            "fx": 603.5535070631239,
            "fy": 603.5535070631239,
            "cx": 0.0,
            "cy": 0.0
        }
    },
    "objects": [
        {
            "class": "obj_000001",
            "name": "obj_000001_000",
            "visibility": 1856,
            "projected_cuboid": [
                [
                    267.43206752037565,
                    214.9694486248107
                ],
                [
                    249.08877730675653,
                    217.92875267220288
                ],
                [
                    198.9809692572578,
                    217.077297783637
                ],
                [
                    213.031004596214,
                    213.9483097738552
                ],
                [
                    267.43206765700876,
                    275.8819378685043
                ],
                [
                    249.08877730389173,
                    273.62098531850404
                ],
                [
                    198.98096889582615,
                    274.27150958697666
                ],
                [
                    213.03100431012183,
                    276.6621032229343
                ],
                [
                    232.12901694544848,
                    245.55396332438633
                ]
            ],
            "location": [
                -0.4409500371804014,
                1.2566895905796305e-06,
                -16.645357944249803
            ],
            "quaternion_xyzw": [
                -0.5720613812229646,
                -0.41562692208797125,
                -0.4156269534669339,
                0.5720614244124015
            ]
        },
        {
            "class": "obj_000002",
            "name": "obj_000002_001",
            "visibility": 266,
            "projected_cuboid": [
                [
                    266.80259666543856,
                    168.93390269439033
                ],
                [
                    272.8180918796148,
                    166.66293371464604
                ],
                [
                    275.1974745604785,
                    166.77038991620415
                ],
                [
                    269.12442080683365,
                    169.03555147582432
                ],
                [
                    266.8025967829538,
                    223.22939803073737
                ],
                [
                    272.81809204245,
                    222.48889061754724
                ],
                [
                    275.19747473969664,
                    222.52392945540515
                ],
                [
                    269.12442093995,
                    223.26254321098858
                ],
                [
                    270.9444236447908,
                    195.3739077426586
                ]
            ],
            "location": [
                0.545688529529572,
                1.4689791267407346,
                -15.712240744814444
            ],
            "quaternion_xyzw": [
                -0.41562692208797125,
                0.5720613812229645,
                0.5720614244124014,
                0.4156269534669339
            ]
        },
        {
            "class": "obj_000003",
            "name": "obj_000003_002",
            "visibility": 3155,
            "projected_cuboid": [
                [
                    169.03201258607248,
                    183.8658111234766
                ],
                [
                    179.57105560225025,
                    223.217487483354
                ],
                [
                    120.72834740213779,
                    167.67453028072697
                ],
                [
                    115.77585483133251,
                    131.33857931545413
                ],
                [
                    195.0842030771268,
                    162.7022960170177
                ],
                [
                    208.70590646144026,
                    200.11078421398486
                ],
                [
                    151.6557567907044,
                    141.8449721206661
                ],
                [
                    143.24751317881305,
                    107.9365679761647
                ],
                [
                    161.21707448163056,
                    164.9670175875504
                ]
            ],
            "location": [
                -1.7552629283716192,
                1.6807060201635224,
                -11.999999873110223
            ],
            "quaternion_xyzw": [
                0.619851383657096,
                0.45611416721484943,
                -0.6384645218562717,
                0.010352921091589532
            ]
        },
        {
            "class": "obj_000004",
            "name": "obj_000004_003",
            "visibility": 2619,
            "projected_cuboid": [
                [
                    -37.80183975290578,
                    244.66330111331465
                ],
                [
                    26.753372906441427,
                    240.86771473940865
                ],
                [
                    62.61918856197721,
                    235.9133988805055
                ],
                [
                    -4.174621426834932,
                    239.57675933179047
                ],
                [
                    -42.50964109024204,
                    194.1409692212397
                ],
                [
                    22.464230684464695,
                    194.31914328971772
                ],
                [
                    58.020320668015785,
                    185.68618384990395
                ],
                [
                    -9.259021192049829,
                    184.69146216336208
                ],
                [
                    10.233564126589812,
                    215.09822553041505
                ]
            ],
            "location": [
                -4.757154367504079,
                0.683984866954472,
                -11.999999948360578
            ],
            "quaternion_xyzw": [
                -0.3195304740873175,
                0.6345989427372735,
                -0.6539900736805312,
                -0.25977190289482704
            ]
        },
        {
            "class": "obj_000005",
            "name": "obj_000005_004",
            "visibility": 4540,