{
    "camera_data": {
        "width": 500,
        "height": 500,
        "camera_look_at": {
            "at": [
                -0.0,
                1.0,
                -7.549790126404332e-08
            ],
            "eye": [
                -0.0,
                10.0,
                -0.0
            ],
            "up": [
                1.0,
                0.0,
                0.0
            ]
        },
        "intrinsics": {
            "fx": 603.5535070631239,
            "fy": 603.5535070631239,
            "cx": 0.0,
            "cy": 0.0
        }
    },
    "objects": [
        {
            "class": "obj_000001",
            "name": "obj_000001_000",
            "visibility": 4506,
            "projected_cuboid": [
                [
                    266.8034948245068,
                    204.21867468410883
                ],
                [
                    344.80844955880195,
                    204.21867555975288
                ],
                [
                    334.4537027925853,
                    209.1382486540939
                ],
                [
                    264.9235595537728,
                    209.13824795838192
                ],
                [
                    266.80349499739873,
                    284.0956899669616
                ],
                [
                    344.8084505110988,
                    284.0956892979564
                ],
                [
                    334.45370354919896,
                    280.3370618631289
                ],
                [
                    264.92355969113794,
                    280.33706239466323
                ],
                [
                    302.5716040333358,
                    244.46409057778325
                ]
            ],
            "location": [
                1.0924717819681269,
                9.85830433327029e-07,
                -13.05771970904496
            ],
            "quaternion_xyzw": [
                -4.329780117732788e-17,
                0.707106754494006,
                0.707106807879086,
                4.3297804446221256e-17
            ]
        },
        {
            "class": "obj_000002",
            "name": "obj_000002_001",
            "visibility": 611,
            "projected_cuboid": [
                [
                    276.093066107099,
                    122.64232888277299
                ],
                [
                    253.87746860482795,
                    122.64232888277299
                ],
                [
                    253.90043950370062,
                    121.97663917846373
                ],
                [
                    276.232614025635,
                    121.97663917846373
                ],
                [
                    276.0930663377278,
                    191.97309112103736
                ],
                [
                    253.87746864279163,
                    191.97309112103736
                ],
                [
                    253.90043954206376,
                    191.6712166854117
                ],
                [
                    276.23261425869055,
                    191.6712166854117
                ],
                [
                    265.02579080398334,
                    157.06645182022277
                ]
            ],
            "location": [
                0.35584872908304443,
                1.963276532581877,
                -12.407719560821779
            ],
            "quaternion_xyzw": [
                -0.707106754494006,
                -8.659560235465576e-17,
                -8.659560889244251e-17,
                0.707106807879086
            ]
        },
        {
            "class": "obj_000003",
            "name": "obj_000003_002",
            "visibility": 3458,
            "projected_cuboid": [
                [
                    -31.79726047861476,
                    363.79993750449967
                ],
                [
                    50.88546405066441,
                    363.39384925120953
                ],
                [
                    65.69861807416297,
                    418.0486620483208
                ],
                [
                    -24.97262939239954,
                    422.9452465237422
                ],
                [
                    -25.43870752698882,
                    334.7247157879644
                ],
                [
                    58.6565850441832,
                    336.33708157404726
                ],
                [
                    74.65616950851404,
                    389.496875761755
                ],
                [
                    -17.704600010077513,
                    392.14041320419153
                ],
                [
                    20.052704535103913,
                    376.31606906659306
                ]
            ],
            "location": [
                -4.561927721784614,
                -2.5213882030269543,
                -12.000000190359518
            ],
            "quaternion_xyzw": [
                -0.09842597853317923,
                0.8276755246939833,
                -0.48219868355006146,
                -0.26972204610471
            ]
        },
        {
            "class": "obj_000004",
            "name": "obj_000004_003",
            "visibility": 3308,
            "projected_cuboid": [
                [
                    359.54686372556955,
                    196.7406060077986
                ],
                [
                    382.1427784303279,
                    144.30020202210267
                ],
                [
                    359.7588974945275,
                    184.37870175765363
                ],
                [
                    338.3170355055238,
                    233.52855715203185
                ],
                [
                    409.9499375941888,
                    219.7919842590026
                ],
                [
                    429.92771944114895,
                    165.77466151048532
                ],
                [
                    402.7537889742855,
                    203.97404631354465
                ],
                [
                    383.4191887142298,
                    254.42242690178847
                ],
                [
                    382.79572061536624,
                    200.6327879972382
                ]
            ],
            "location": [
                2.650218440486862,
                0.9715902634800402,
                -11.999999926646975
            ],
            "quaternion_xyzw": [
                -0.2317813339635458,
                0.6937786093419771,
                0.47088399401275444,
                -0.4931702734636243
            ]
        },
        {
            "class": "obj_000005",
            "name": "obj_000005_004",
            "visibility": 2328,