{
    "camera_data": {
        "width": 500,
        "height": 500,
        "camera_look_at": {
            "at": [
                -0.0,
                1.0,
                -7.549790126404332e-08
            ],
            "eye": [
                -0.0,
                10.0,
                -0.0
            ],
            "up": [
                1.0,
                0.0,
                0.0
            ]
        },
        "intrinsics": {
            "fx": 603.5535070631239,
            "fy": 603.5535070631239,
            "cx": 0.0,
            "cy": 0.0
        }
    },
    "objects": [
        {
            "class": "obj_000001",
            "name": "obj_000001_000",
            "visibility": 3667,
            "projected_cuboid": [
                [
                    219.87257066518677,
                    213.50889735035003
                ],
                [
                    195.43073302582337,
                    209.6118737403425
                ],
                [
                    257.3218769031841,
                    208.24300546895978
                ],
                [
                    276.2847284567611,
                    212.3981606176185
                ],
                [
                    219.87257042989268,
                    276.9978208865161
                ],
                [
                    195.43073254992305,
                    279.97520521281797
                ],
                [
                    257.32187697439235,
                    281.02104104769876
                ],
                [
                    276.28472867604387,
                    277.8464403632256
                ],
                [
                    237.3207925178623,
                    244.96386880576227
                ]
            ],
            "location": [
                -0.2968617370007056,
                1.1010305418358981e-06,
                -14.583591376735072
            ],
            "quaternion_xyzw": [
                -0.5720613812229646,
                0.4156269220879712,
                0.4156269534669339,
                0.5720614244124016
            ]
        },
        {
            "class": "obj_000002",
            "name": "obj_000002_001",
            "visibility": 82,
            "projected_cuboid": [
                [
                    216.6785797618677,
                    191.04806379913327
                ],
                [
                    223.14274316671904,
                    192.69855405116186
                ],
                [
                    220.76317689486763,
                    192.77236493217723
                ],
                [
                    214.23860372971106,
                    191.1262235186166
                ],
                [
                    216.67857952559842,
                    248.59613249680737
                ],
                [
                    223.14274298234042,
                    248.62165600647097
                ],
                [
                    220.7631766941043,
                    248.62279743262127
                ],
                [
                    214.23860347621672,
                    248.59734117426152
                ],
                [
                    218.75145192981122,
                    220.26639278927064
                ]
            ],
            "location": [
                -0.7864756140025668,
                0.8000011460701404,
                -15.180158932890432
            ],
            "quaternion_xyzw": [
                0.4156269220879712,
                0.5720613812229647,
                0.5720614244124016,
                -0.4156269534669339
            ]
        },
        {
            "class": "obj_000003",
            "name": "obj_000003_002",
            "visibility": 2596,
            "projected_cuboid": [
                [
                    359.35041573458005,
                    260.30383613544114
                ],
                [
                    441.2217655949177,
                    251.20323646414244
                ],
                [
                    400.30406483516026,
                    253.5376732326304
                ],
                [
                    327.66109552101324,
                    261.5465596207134
                ],
                [
                    363.6745668980524,
                    300.93762259260006
                ],
                [
                    445.45658160016603,
                    290.48928585263997
                ],
                [
                    403.99044576330607,
                    287.9543981392104
                ],
                [
                    331.4145047394356,
                    296.9932555466451
                ],
                [
                    383.5106558477534,
                    275.268974855517
                ]
            ],
            "location": [
                2.664433081834434,
                -0.5123448346891954,
                -12.000000038680959
            ],
            "quaternion_xyzw": [
                0.04385724072852122,
                0.7092704139554946,
                0.6939007950465237,
                -0.11624847937449054
            ]
        },
        {
            "class": "obj_000004",
            "name": "obj_000004_003",
            "visibility": 2883,
            "projected_cuboid": [
                [
                    435.07684428138754,
                    185.37212033209678
                ],
                [
                    418.6288530441386,
                    122.76053598594572
                ],
                [
                    433.0930454840709,
                    127.4564661786905
                ],
                [
                    451.1393051253578,
                    197.5043350835497
                ],
                [
                    388.41622524303966,
                    199.60448719252074
                ],
                [
                    371.04772451692224,
                    138.13749407590552
                ],
                [
                    379.4837178551048,
                    144.64725560309955
                ],
                [
                    398.69740757823763,
                    213.26240703696502
                ],
                [
                    409.04027656703363,
                    166.29897721763206
                ]
            ],
            "location": [
                3.1720191364846997,
                1.6542236781561255,
                -11.999999875109584
            ],
            "quaternion_xyzw": [
                -0.47292770949342805,
                0.4429113054246706,
                -0.38113721486030516,
                0.6594720468441715
            ]
        },
        {
            "class": "obj_000005",
            "name": "obj_000005_004",
            "visibility": 4643,