{
  "cx": 249.5,
  "cy": 249.5,
  "depth_scale": 1.0,
  "fx": 603.5535070631239,
  "fy": 603.5535070631239,
  "height": 500,
  "width": 500
}