{
  "0": {"cam_K": [603.5535070631239, 0.0, 249.5, 0.0, 603.5535070631239, 249.5, 0.0, 0.0, 1.0], "cam_R_w2c": [1.0, 0.0, 0.0, 0.0, 3.422854177870249e-08, -0.9999999403953552, 0.0, 0.9999999403953552, 3.422854177870249e-08], "cam_t_w2c": [-0.0, -0.0007549789734184742, 10000.0], "depth_scale": 1.0},
  "1": {"cam_K": [603.5535070631239, 0.0, 249.5, 0.0, 603.5535070631239, 249.5, 0.0, 0.0, 1.0], "cam_R_w2c": [1.0, 0.0, 0.0, 0.0, 3.422854177870249e-08, -0.9999999403953552, 0.0, 0.9999999403953552, 3.422854177870249e-08], "cam_t_w2c": [-0.0, -0.0007549789734184742, 10000.0], "depth_scale": 1.0},
  "2": {"cam_K": [603.5535070631239, 0.0, 249.5, 0.0, 603.5535070631239, 249.5, 0.0, 0.0, 1.0], "cam_R_w2c": [1.0, 0.0, 0.0, 0.0, 3.422854177870249e-08, -0.9999999403953552, 0.0, 0.9999999403953552, 3.422854177870249e-08], "cam_t_w2c": [-0.0, -0.0007549789734184742, 10000.0], "depth_scale": 1.0},
  "3": {"cam_K": [603.5535070631239, 0.0, 249.5, 0.0, 603.5535070631239, 249.5, 0.0, 0.0, 1.0], "cam_R_w2c": [1.0, 0.0, 0.0, 0.0, 3.422854177870249e-08, -0.9999999403953552, 0.0, 0.9999999403953552, 3.422854177870249e-08], "cam_t_w2c": [-0.0, -0.0007549789734184742, 10000.0], "depth_scale": 1.0},
  "4": {"cam_K": [603.5535070631239, 0.0, 249.5, 0.0, 603.5535070631239, 249.5, 0.0, 0.0, 1.0], "cam_R_w2c": [1.0, 0.0, 0.0, 0.0, 3.422854177870249e-08, -0.9999999403953552, 0.0, 0.9999999403953552, 3.422854177870249e-08], "cam_t_w2c": [-0.0, -0.0007549789734184742, 10000.0], "depth_scale": 1.0}
}